{
  "project_info": {
    "project_number": "472569599060",
    "firebase_url": "https://logindemo2-5cdcc.firebaseio.com",
    "project_id": "logindemo2-5cdcc",
    "storage_bucket": "logindemo2-5cdcc.appspot.com"
  },
  "client": [
    {
      "client_info": {
        "mobilesdk_app_id": "1:472569599060:android:1bc7299f60c75d0e",
        "android_client_info": {
          "package_name": "com.merg.logindemo"
        }
      },
      "oauth_client": [
        {
          "client_id": "472569599060-j82hfuda5m0jaoj0chtriaki6t86lqgb.apps.googleusercontent.com",
          "client_type": 3
        }
      ],
      "api_key": [
        {
          "current_key": "AIzaSyC-L_PEpcuCUNfAj06KAAOFfq85aE0jCwI"
        }
      ],
      "services": {
        "analytics_service": {
          "status": 1
        },
        "appinvite_service": {
          "status": 1,
          "other_platform_oauth_client": []
        },
        "ads_service": {
          "status": 2
        }
      }
    }
  ],
  "configuration_version": "1"
}